tanggal;nama;pesanan;harga;kapasitas;status
07/06/2021/11:33:26;Robert;['Bawal Bkr(2)', 'Gurami Bkr(2)', 'Tahu Tempe', 'Lalapan', 'Gurami Grg'];130000;3000;Diterima
07/06/2021/13:19:16;Hidayat;['Gurami Grg', 'Tahu Tempe'];35000;700;Diterima
07/06/2021/13:20:06;Isyana;['Nasi Putih', 'Gurami Grg'];36000;800;Diterima
08/06/2021/10:48:54;Andini;['Gurami Grg'];32000;500;Dikirim
08/06/2021/10:49:09;Jaya;['Nasi Putih', 'Gurami Grg'];36000;800;Dikemas
08/06/2021/10:49:33;Saikoji;['Gurami Bkr(2)', 'Gurami Grg'];96000;1500;Dikemas
08/06/2021/14:46:17;Jayantoro;['Gurami Grg', 'Nasi Putih', 'Lalapan'];47000;1300;Dikemas
10/06/2021/21:34:48;Andini Ike;['Gurami Grg', 'Nasi Putih', 'Lalapan'];47000;1300;Diterima
10/06/2021/21:55:29;Andinii;['Gurami Grg', 'Nasi Putih'];36000;800;Dikirim
