tanggal;nama;pesanan;harga;kapasitas;status
07/06/2021/11:45:59;Yaya;['Tempe', 'Ayam Goreng', 'Mujair Goreng', 'Gurami Goreng'];58500;1500;Dibatalkan
07/06/2021/13:39:33;Gopal;['Gurami Bkr(2)', 'Gurami Grg'];96000;1500;Dibatalkan
08/06/2021/10:55:20;Farhat;['Bawal Bkr(2)', 'Gurami Bkr(2)', 'Tahu Tempe', 'Lalapan', 'Gurami Grg'];130000;3000;Dibatalkan
08/06/2021/15:12:48;Jayantoro;['Gurami Bkr(2)', 'Gurami Grg'];96000;1500;Dibatalkan
10/06/2021/21:42:32;Hida;['Nasi Putih', 'Gurami Grg'];36000;800;Dibatalkan
